﻿{"cameraMode":{"drawMode":0,"name":"Shaded","section":"Shading Mode"},"sceneLighting":true,"audioPlay":false,"sceneViewState":{"showFog":true,"showMaterialUpdate":false,"showSkybox":true,"showFlares":true,"showImageEffects":true,"showParticleSystems":true},"in2DMode":false,"pivot":{"x":320.2289123535156,"y":219.47750854492188,"z":-71.09184265136719},"rotation":{"x":-0.3058303892612457,"y":0.00056900066556409,"z":-0.0001825904764700681,"w":-0.9520858526229858},"size":346.3662414550781,"orthographic":false}